F√ºr das Essen 5 von 5 Sternen- war lecker und reichlich, Preislich etwas angehoben.	FOOD#1	PRICE#-1
Mein Rollo war so ungew√ºrzt ‚Ä¶ unsere Freunde lie√üen eine Pfannen-Spezialit√§t des Hauses nach der H√§lfte stehen (sonst sei dieses Gericht wirklich gut).	FOOD#-1	FOOD#-1
Das LOC ist sehr zu empfehlen und war perfekt Medium Rare.	FOOD#1
Der sehr forsche, eher unfreundliche Service rundet das Erlebnis nach unten ab.	SERVICE#-1	GENERAL-IMPRESSION#-1
Ansonsten will ich zugute halten, dass eure Preise im Vergleich zu anderen Lokalen wirklich stabil geblieben sind.	PRICE#1
Wir waren an 2 Abende in dieser netten Location und haben mitnetten Freunden ein hervorragendes Men√º gegessen.	FOOD#1	AMBIENCE#1
Das Kartoffelgratin war ebenfalls von trockener Konsistenz.	FOOD#-1
Ich hatte am 10.07.2023 meinen Geburtstag in der RESTAURANT_NAME gefeiert, die Kellner waren sehr aufmerksam und das Essen ein Traum, ich kann es nur weiterempfehlen.	SERVICE#1	FOOD#1	GENERAL-IMPRESSION#1
Unsere Reservierung wurde verplant.	SERVICE#-1
Absolut schlechte K√ºche!	FOOD#-1
Wir waren heute zum zweiten Mal da, das erste Mal war wirklich traumhaft.	GENERAL-IMPRESSION#1
Man bekommt nicht mal das Essen was bestellt wurde.	SERVICE#-1
Die Gamba waren kalt und kaum aus der Schale zu l√∂sen.	FOOD#-1
Wir sind ganz zuf√§llig dort gelandet und waren begeistert.	GENERAL-IMPRESSION#1
So einen schlechten Service hatten wir noch nicht erlebt.	SERVICE#-1
!Einziger Abzug: Sauberkeit der Toiletten‚Ä¶	AMBIENCE#-1
Klassische Gerichte modern angerichtet.	FOOD#1
Als wir bezahleenn wollten, war sie auch wieder nicht auffindbar, dann bekamen wir endlich die Rechnung und sie war wieder weg, bis wir dann endlich bezahlen konnten.	SERVICE#-1
Der Lachs war gut, auf den Punkt gegrillt, daran gab es nicht auszusetzen!	FOOD#1
Gute Qualit√§t der Speisen und der Empfehlungen.	FOOD#1
Wir haben mehrmalls die Bedienung um Bestellung gebitten, Allerdings haben diese nicht einmal reagiert.	SERVICE#-1
Die Qualit√§t hat nachgelassen.	GENERAL-IMPRESSION#-1
Wir f√ºhlten uns sehr gest√∂rt und unwohl.	AMBIENCE#-1
Gerne beim n√§chsten Besuch in LOC wieder.	GENERAL-IMPRESSION#1
Ein sehr gem√ºtliches italienisches Restaurant mit Flair und flei√üigem Personal.	AMBIENCE#1	SERVICE#1
Selbst unter Corona hatte das Restaurant sein Level gehalten.	GENERAL-IMPRESSION#1
Ich habe schon deutlich besser gegessen und nur die H√§lfte bezahlt.	PRICE#-1	FOOD#-1
Wer in LOC unterwegs ist, der kann die DAMPFE ohne Bedenken in seine Reiseplanung einbeziehen.	GENERAL-IMPRESSION#1
Das Essen und der Service ist immer ausgezeichnet.	FOOD#1	SERVICE#1
Allerdings mussten wir noch weitere 30 Minuten bis zur Lieferung warten.	SERVICE#-1
Niemand war zust√§ndig.	SERVICE#-1
Leider war das Personal v√∂llig √ºberfordert, denn wir mu√üten fast 25 Minuten warten, bis jemand eine Bestellung aufnehmen konnte.	SERVICE#-1
Schade.	GENERAL-IMPRESSION#-1
LOC, tolles Essen, und nette Bedienung.	FOOD#1	SERVICE#1
Leider hat die Qualit√§t massiv nachgelassen und der Preis 7,10‚Ç¨ hat sich fast verdoppelt, die haben wohl den Knall nicht geh√∂rt und denn rennen einen die Ratten am Stand fast √ºber die F√º√üe ,das geht gar nicht.	FOOD#-1	GENERAL-IMPRESSION#-1
Ein toller Abend mit fantastischem Essen von gro√üartiger Qualit√§t -die Seezunge war ein Traum- und einem super Service!	FOOD#1	FOOD#1	SERVICE#1
Ich bin sehr entt√§uscht und komme nicht wieder.	GENERAL-IMPRESSION#-1
Hatte ein sehniges Teil was nicht zu kauen war die anderen Gerichte waren akzeptabel aber nichts besonderes	FOOD#0	FOOD#-1
Essen topp und Service auch, nur einen unm√∂glichen Kellner dabei, der mit den Tunneln im Ohr, der seine Kollegin st√§ndig laut anp√∂belt vor den G√§ste, dass sie zu langsam sind und dich bewegen sollen usw.	FOOD#1	SERVICE#1	SERVICE#-1
Ambiente toll , Essen √ºberpreist und das man der Stiefmutter gratuliert ohne was zu hinterfragen ist schon sehr schmerzhaft .. brauch ich nicht nochmal .	AMBIENCE#1	PRICE#-1
Das Lokal war meiner Meinung nach v√∂llig √ºberf√ºllt, extrem laut, keine Unterhaltung mehr m√∂glich.	AMBIENCE#-1
Sch√∂ner Au√üenbereich	AMBIENCE#1
Einen Punkt Abzug gibt es f√ºr mich (wobei das Restaurant nicht wirklich was daf√ºr kann), weil darin sehr sehr laut ist und man seinen Gegen√ºber schon fast anschreien muss.	AMBIENCE#-1
Ein rundum leckerer Abend.	FOOD#1
Das Steak im Hauptgang war bei beiden sehr gut.	FOOD#1
Kommen immer gerne wieder nur zu empfehlen:)	GENERAL-IMPRESSION#1
Der Service ist sehr zuvorkommend und √ºberaus freundlich.	SERVICE#1
Service war freundlich und schnell.	SERVICE#1
Muss nicht sein, kann aber.	GENERAL-IMPRESSION#0
Sehr sch√∂ne Atmosph√§re, guter Hauswein, freundliches Personal, haben nur was getrunken, daher kann ich Essen nicht beurteilen.	AMBIENCE#1	FOOD#1	SERVICE#1
Die Kellner sind arrogant und respektlos!	SERVICE#-1
Espresso geliefert ohne Milch und Zucker.	FOOD#-1
Essen war mittelm√§√üig, Preise D√ºsseldorfer Niveau	FOOD#0	PRICE#0
Nie wieder.	GENERAL-IMPRESSION#-1
Aber das Saure L√ºngerl (eine der Spezialit√§ten des Hauses) war so sauer, dass es leider nicht essbar war, au√üerdem war es lauwarm.	FOOD#-1
Gl√ºhwein wird aus dreckigen Thermoskannen f√ºr 27 Euro an der SB Theke serviert.	FOOD#-1
Kompliment an das Team in der K√ºche.	SERVICE#1
Ich war mit meiner Tochter dort und haben einen sehr sch√∂nen Abend verbracht.	GENERAL-IMPRESSION#1
Sehr aufmerksame Mitarbeiter und das Essen wirklich in sehr guter Qualit√§t.	SERVICE#1	FOOD#1
Hausgemachte Pommes sehr gut.	FOOD#1
Eingekehrt, Sauerbraten bestellt, extrem humorvoller K√∂bes, Spa√ü gehabt, geschmackvolle und gro√üe Portionen bekommen.	SERVICE#1	FOOD#1
Essen war wie immer top, jedoch bei den LOC habe ich den Ziegenk√§segeschmack des Ziegenk√§ses vermisst.	FOOD#1	FOOD#-1
Ausser der ersten Getr√§nke war eine weitere Getr√§nkebestellung quasi unm√∂glich da kein Servicepersonal verf√ºgbar.	SERVICE#-1
Das Personal ist kompetent, aber auch hier geht es dem Restaurantbetreiber wohl inzwischen mehr um die Gewinn Maximierung, als um die Zufriedenheit der verw√∂hnten G√§sten.	SERVICE#1	SERVICE#-1	PRICE#-1
Die enge Bestuhlung im Lokal (franz√∂sische Verh√§ltnisse) l√§sst keinen anderen Schluss darauf zu.	AMBIENCE#-1
Das Gasthaus RESTAURANT_NAME ist egal zu welchem Anlass ein passendes Restaurant.	GENERAL-IMPRESSION#1
Das Personal war entspannt und freundlich und das Interieur genau so, wie wir es erhofft hatten.	SERVICE#1	AMBIENCE#1
Super leckeres Essen mit einer spannenden Auswahl an Gerichten.	FOOD#1	FOOD#1
Die Toiletten waren sehr sauber.	AMBIENCE#1
Kommen immer gerne wieder hier her und das schon eine sehr sehr lange Zeit und haben bis heute keinen Tag bereut den wir hier waren.	GENERAL-IMPRESSION#1
Besser nicht!	GENERAL-IMPRESSION#-1
Wir haben da dann offensichtlich einen schlechten Tag erwischt.	GENERAL-IMPRESSION#-1
Und heute -September 2023 haben wir auch gleiches bestellt,ist volle Entt√§uschung -die Bratw√ºrste sind um 2-3 cm k√ºrzer geworden und Kartoffelsalat-wie Wassersuppe auch geschmacklos.	FOOD#-1	FOOD#-1	FOOD#-1
), die Bedienung zuvorkommend und liebenswert, die Weine dazu passend.	SERVICE#1	FOOD#1
Zudem war alles sehr √ºberteuert, da h√§tten wir wenigstens etwas mehr Entgegenkommen erwartet.	PRICE#-1	SERVICE#-1
ein wirklich tolles Restaurant.	GENERAL-IMPRESSION#1
Wir sind begeistert und m√∂gen diesen schr√§gen Tim in dieser seiner RESTAURANT_NAME.	GENERAL-IMPRESSION#1
Die Desserts waren mir nicht m√∂glich zu essen, sahen daf√ºr umso besser aus - bei diesen h√§tte ich sehr gerne zugeschlagen!	FOOD#1
Macht weiter so.	GENERAL-IMPRESSION#1
Alles in allem: absolute Empfehlung, gerne wieder.	GENERAL-IMPRESSION#1
Zubereitung auf den Punkt und ansprechend serviert.	FOOD#1
Zum Eigentlichen, ja die Gerichte sind nett angerichtet, geschmacklich etwas √ºber dem Durchschnitt der sonstigen Griechen.	FOOD#1
Ach ne, Pampe war das seltsame Sauerkraut.	FOOD#-1
LOC Bedienung, lange Wartezeit am Tisch.	SERVICE#-1
Es gab einen Gru√ü aus der K√ºche vorweg und dann ein zartes Steak zum Fairen Preis.	FOOD#1	PRICE#1
Riesige R√§ume mit schlechter Bel√ºftung.	AMBIENCE#-1
H√§tten wir mehr Zeit gehabt w√§ren die Sp√§tzle und der Ziegenk√§se mit Salat sofort wieder in die K√ºche zur√ºckgegangen.	FOOD#-1	FOOD#-1
Service also l√§sst sehr zu w√ºnschen √ºbrig.	SERVICE#-1
Es lag nicht an den einzelnen Kellnern, sondern an der (offensichtlich gewollten) Unterbesetzung im Service.	SERVICE#-1
Weitere junge Servicekr√§fte liefen gelangweilt umher.	SERVICE#-1
Super leckeres Essen & super Getr√§nke.	FOOD#1	FOOD#1
Geht gar nicht.	GENERAL-IMPRESSION#-1
Jeder Bissen ein Genuss.	FOOD#1
Trotzdem ist es immer einen Besuch wert	GENERAL-IMPRESSION#1
Was √ºberhaupt nicht geht is die Ausstattung - Besteck und Servietten sind Imbiss-Niveau und geh√∂ren nicht in einen Restaurant!!	FOOD#-1	FOOD#-1	FOOD#-1
Wir durften einen sch√∂nen Abend mit dem perfekten Service von Jason erleben!	SERVICE#1
Das Essen war spitze, viel selbst gemacht.	FOOD#1
Problematisches P/L-Verh√§ltnis bei den 6 "fine de claires"-Austern (19,50‚Ç¨), weder geschmacklich noch von der Substanz befriedigend, da winzig; dem "Loup de mer" (26,90‚Ç¨) fehlte der Saft, er wirkte trocken und war im √úbrigen ein Gr√§tenmonster, der Spinat wirkte geschmacksneutral, die Bratkartoffeln waren deutlich zu kurz gebraten, kaum Br√§unung.	PRICE#-1	FOOD#-1	FOOD#-1	FOOD#-1	FOOD#-1
Nie wieder.	GENERAL-IMPRESSION#-1
Leider ein entt√§uschenden Abend .	GENERAL-IMPRESSION#-1
Dies war das schlechteste Wienerschnitzel welches ich in den letzten Jahren gegessen habe.	FOOD#-1
Die Gastst√§tte ist sehr gem√ºtlich und hat den Charme, den man sich bei Oma vorstellt.	AMBIENCE#1	AMBIENCE#1
Nach langer Zeit betraten wir kurz nach LOC am fr√ºhen Nachmittag das FISCHAUS, wo wir direkt von Roberto freundlich begr√º√üt wurden.	SERVICE#1
Urige Kneipe auf zwei Etagen f√ºr Liebhaber deftiger Gerichte.	FOOD#1	AMBIENCE#1
Aber Fernet Branca aus einem Grappaglas, das ist Stilbruch.	FOOD#-1
Alles frisch zubereitet.	FOOD#1
Noch nie so reingelegt worden.	GENERAL-IMPRESSION#-1
Eine der tollsten Lokationen.	GENERAL-IMPRESSION#1
Das Essen ist zwar etwas teurer als sonst beim LOC, aber auch um mindestens 2 Klassen besser.	FOOD#1
Gem√ºtliches und heimeliges Restaurant mit Fleischvariationen und k√∂stlichen Beilagen.	AMBIENCE#1	FOOD#1
Auch extraw√ºnsche konnten wir problemlos √§u√üern.	SERVICE#1
Ich habe das Restaurant dann hungrig verlassen.	FOOD#-1
Von Mal zu Mal wurde es immer schlechter‚Ä¶doch dieses Wochenende wurde einfach wieder √ºbertroffen.	GENERAL-IMPRESSION#-1
F√ºr 4 kleine Vorspeisen 80 Euro zu verlangen ist nicht akzeptabel.	PRICE#-1
Wir und unsere Freunde gehen dort nie wieder hin.	GENERAL-IMPRESSION#-1
Wir haben eine Stunde darauf gewartet, dass wir ber√ºcksichtigt wurden.	SERVICE#-1
Sorry, aber wenn alle Tische auf sind, wie kann dann ein einziger Tisch nicht bedient werden?	SERVICE#-1
Wundersch√∂ner Sp√§tsommerabend bei Siciliani vorgestern.	AMBIENCE#1
Das Bier ist, wie man es in der M√ºnchner Innenstadt erwarten kann teuer, gilt auch f√ºr alle anderen Getr√§nke (Obwohl ich glaube die stehen nur pro Forma auf der Karte.	PRICE#-1	PRICE#-1
Also bekamen wir nur mit viel √úberredungskunst dann doch noch einen Tisch, jedoch war ein Gedeck derart im Durchgang, dass ein ungest√∂rtes Essen unm√∂glich war.	AMBIENCE#-1
Portionen auch ordentlich.	FOOD#1
Geschmacklich war es okay.	FOOD#0
Ich kann das Restaurant weiter empfehlen!	GENERAL-IMPRESSION#1
Man sitzt bequem, das Essen ist sehr gut, man muss allerdings Fleisch m√∂gen.	AMBIENCE#1	FOOD#1
Die Vorspeise (rote Bete) war sehr lecker.	FOOD#1
Da gibt es √ºberhaupt nichts zu meckern.	GENERAL-IMPRESSION#-1
Schade!	GENERAL-IMPRESSION#-1
Sehr freundliche Bedienung.	SERVICE#1
Bifteki nicht gef√ºllt, aber daf√ºr mit guter Schafsk√§se Sauce, Lammmediallions z√§h und doch eher trocken.	FOOD#-1	FOOD#-1	FOOD#1
Ein Steakhouse ohne Ofenkartoffel ist an Absurdit√§t nicht zu √ºberbieten!	GENERAL-IMPRESSION#-1
Ambiente und Essen sind sehr stimmig.	FOOD#1	AMBIENCE#1
Wie schon oben beschrieben kann man hier nett sitzen, zum essen w√ºrde ich lieber beim n√§chsten Besuch in LOC ein anderes Restaurant besuchen.	AMBIENCE#1	FOOD#-1
Super Restaurant, wir hatten das gar nicht erwartet und wollten nur kurz vor dem Starlight Express noch was essen.	GENERAL-IMPRESSION#1
Die Preise sind unangemessen hoch, da l√§sst sich wohl der Chef seinen Namen bezahlen.	PRICE#-1
Sehr gutes Essen und ein toller pers√∂nlicher Service!	FOOD#1	SERVICE#1
Hier findet jede Generation Platz und auch die Fellnasen sind hier herzlich willkommen!	GENERAL-IMPRESSION#1
Ein Lob an Koch.	FOOD#1
Bedienung sehr freundlich, top!	SERVICE#1
Wir haben uns quer durchs Angebot geschlemmt und wurden nicht entt√§uscht!	FOOD#1
Bedienung leider nicht aufmerksam.	SERVICE#-1
Dennoch erinnerte sie mehr an eine fertig Pizza als an eine Pizza, wo der Teich frisch zubereitet worden ist.	FOOD#-1
Wir hatten einen wunderbaren Abend in der oberen Etage des Restaurants.	AMBIENCE#1
Sehr zu empfehlen.	GENERAL-IMPRESSION#1
Es war wie immer einfach perfekt.	GENERAL-IMPRESSION#1
Bei einer sehr freundlichen Kellnerin zwei K√∂lsch bestellt.	SERVICE#1
Sie war sehr d√ºnn, der Geschmack, soweit vorhanden, kam nur von etwas Lauch.	FOOD#-1
Das Schnitzel meiner Frau war aus der Fritteuse, die Bratkartoffeln geschmacklos und kaum angebraten.	FOOD#-1
Das Essen ist okay mehr aber auch nicht.	FOOD#0
SERVICEWir wurden nach dem Eintritt ins Restaurant freundlich begr√º√üt und konnten auch den Platz frei w√§hlen.	SERVICE#1
Rundum einfach gem√ºtlich und fein.	AMBIENCE#1	FOOD#1
Mit 3 Kart√∂ffelchen und einem Schlag Aioli, 3 mini Teigtaschen mit Tomatensosse und minimalem Thunfischgeschmack statt Thunfisch, kann man dann nicht zufrieden sein.	FOOD#-1	FOOD#-1	FOOD#-1	FOOD#-1
Zu abgehoben, man f√ºhlt sich vorgef√ºhrt.	GENERAL-IMPRESSION#-1
Freundliche und sehr flotte Bedienung.	SERVICE#1
Die Sushi schmeckt nur noch durchschnittlich.	FOOD#0
Ingesamt ist der gute Herr nicht in der Lage gewesen das Alt zu servieren so das wir nach dem Essen woanders eingekehrt sind.	SERVICE#-1
Absolut weiterzuempfehlen.	GENERAL-IMPRESSION#1
Netter Empfang und freundlicher Service.	SERVICE#1	SERVICE#1
Unglaublich was f√ºr ein schlechter Service, zumal der f√ºr uns zust√§ndige Kellner alle anderen Tische abr√§umte u abwischte.	SERVICE#-1	SERVICE#-1
Die Location kann leider nicht die miese Bedienung und das mehrheitlich unfreundliche Personal raus reissen.	SERVICE#-1	SERVICE#-1
Die Milzwurst war hart und die Panier klebte als d√ºnne Schicht am Produkt.	FOOD#-1	FOOD#-1
Sehr netter Service und leckeres Essen.	SERVICE#1	FOOD#1
Die bestellten Pizzen waren ok, gro√ü aber geschmacklich kein Highlight.	FOOD#0
Aber die Kellner schaffen es sehr gut sich dort durchzuwinden und trotz des brechend vollen Hauses kam unser Essen nach normaler Wartezeit.	SERVICE#1
Sehr guter und freundlicher Service.	SERVICE#1
Super freundliche, zuvorkommende Bedienung!!	SERVICE#1
Mehrere sehr junge Kellnerinnen waren im Au√üenbereich, nur war es schwer, eine Bestellung abzugeben, da sich niemand zust√§ndig f√ºhlte.	SERVICE#-1
Die schlechteste Haxe, die ich in meinem Leben gegessen habe.	FOOD#-1
Alle Kellner v√∂llig √ºberfordert und das sieht man ihnen mehr als man will an!!	SERVICE#-1
Das Trinkgeld steht aber mit auf dem Kassenbon...Auf alle Faelle sind die Preise ein echter Hammer - 4,20 EUR fuer einen Tee ist schon dekadent	PRICE#-1	PRICE#-1
Das Restaurant ist f√ºr Pastaliebhaber sehr zu empfehlen.	FOOD#1
Der georderte vegane Bagel war k√∂stlich was wir von den lieblos angerichteten K√§sesp√§tzle leider nicht behaupten konnten.	FOOD#-1	FOOD#1
Die Speisen waren geschmackvoll zubereitet und wurden trotz hohem G√§steaufkommens zeitnah serviert.	FOOD#1	SERVICE#1
Regelrecht zerkocht.	FOOD#-1
Bedienung war nett und schnell.	SERVICE#1
Vor allem in der jetzigen Jahreszeit, den zahlenden Kunden bei Regen, Wind und K√§lte (wie letztes selbst erlebt) 20 min, ungesch√ºtzt vor der T√ºr warten zu lassen grenzt schon an Unversch√§mtheit.	SERVICE#-1
Nichts konnte √ºberzeugen.	GENERAL-IMPRESSION#-1
W√§re in LOC Mittelklasse.	GENERAL-IMPRESSION#0
Da es vermutlich wegen der Buchmesse viel zu laut war, konnte keine vern√ºnftige Unterhaltung stattfinden.	AMBIENCE#-1
Ein Schnitzel glich dem anderen - leider nur TK-Ware ohne Liebe frittiert.	FOOD#-1
Preis / Leistung top!	PRICE#1
Sehr nettes Personal und Verst√§ndnis, wenn man l√§nger sitzen bleibt.	SERVICE#1
Ich w√ºrde das Lokal wieder empfehlen.	GENERAL-IMPRESSION#1
Die Beilagen hingegen waren super.	FOOD#1
Gern wieder :)	GENERAL-IMPRESSION#1
Gerne wieder!	GENERAL-IMPRESSION#1
Der Leberk√§se hingegen sehr gut.	FOOD#1
Auch wenn mich ein Restaurant schonmal entt√§uscht hat, gebe ich gerne eine zweite Chance.	GENERAL-IMPRESSION#-1
Aber als Vegetarierer gab es keinerlei Auswahl, wir mussten von der LOC zwei G√§nge bestellen, wobei es bei jedem Gang nur eine M√∂glichkeit gab, beim Hauptgericht bestand diese aus einer Selleriescheibe, was auch nicht jedermanns Sache ist.	FOOD#-1	FOOD#-1
Der Keller hat uns durch seine Art den Abend versaut und unsere Tradition endet somit und wir suchen ein neues Lokal.	SERVICE#-1
Ein gem√ºtliches Restaurant, die Aussenbestuhlung befindet sich vor dem Lokal, der bestellte Rosewein wurde hervorragend im Weink√ºhler serviert und unsere Fischgerichte waren sehr lecker!	GENERAL-IMPRESSION#1	FOOD#1	FOOD#1
Service absolut unterirdisch.	SERVICE#-1
Einziger Lichtblick und auch der Grund warum ich es nicht mit ‚Äûmangelhaft‚Äú bewerte, war der sehr freundliche Kellner.	GENERAL-IMPRESSION#-1	SERVICE#1
Man hat ihn angemerkt, dass er seinen Job gern macht.	SERVICE#1
Dieses Restaurant bietet eine k√∂stliche Auswahl an klassischen Gerichten, von denen jedes vor Geschmack strotzt.	FOOD#1
F√ºr einen ruhigen Abend mit wohlf√ºhlcharakter ist man hier definitiv falsch.	AMBIENCE#-1
Sehr angenehme Ambiance im LOC.	AMBIENCE#1
Das Fr√ºhst√ºck ist sehr schmackhaft und vielf√§ltig.	FOOD#1
Wir werden also schon erwartet und sofort k√ºmmert sich der Service um unser Wohl.	SERVICE#1
Das Essen war sehr sehr lecker und kam z√ºgig.	FOOD#1	SERVICE#1
Geschmack fad.	FOOD#-1
Dann, keine 10 Minuten sp√§ter, bekam ich ein neues Steak, das auf den Punkt zubereitet war.	FOOD#1
Unm√∂gliches Raumklima innerhalb.	AMBIENCE#-1
Es war viel zu laut, wie im Club.	AMBIENCE#-1
Positiv zu vermerken ist die einzigartige Lage, das traditionelle Ambiente und der freundliche Service.	AMBIENCE#1	AMBIENCE#1	SERVICE#1
Bedienung sehr zuvorkommend	SERVICE#1
Sehr nette und zuvorkommende Bedienung.	SERVICE#1
Mit den LOC kann man Fenster einschmei√üen - jeder Bahnhof serviert bessere‚Ä¶Einzig und alleine die Ma√ü war lecker.	FOOD#1	FOOD#-1
Leider sind die Toiletten sehr unsauber, nicht gepflegt mit starker Geruchsbildung der einem auf dem Weg dorthin schon entgegen schl√§gt.	AMBIENCE#-1
Wir waren zu zweit an einem Montag Abend dort und haben sehr fein gegessen.	FOOD#1
√úber die Qualit√§t der Gerichte mu√ü man nicht mehr reden: hervorragend!	FOOD#1
Die Kellnerin hat einen genervten Eindruck gemacht.	SERVICE#-1
Wir freuen uns auf ein Wiedersehen!	GENERAL-IMPRESSION#1
Da sollte sich das Management vom LOC sch√§men sowas haben wir nie erlebt.	SERVICE#-1
Im Sternek√ºchenbereich eher selten‚Ä¶Eine fabelhafte Beratung vorweg und nat√ºrlich das exzellente Essen.	FOOD#1	SERVICE#1
Die Kr√∂nung waren dann die 6,50 Euro f√ºr den 0,1 l Rosenkir.	PRICE#1
Ambiente toll, vielen Dank f√ºr den herrlichen Abend	AMBIENCE#1	GENERAL-IMPRESSION#1
Zu dem auch nur lauwarm.	FOOD#-1
Von Anfang bis Ende ein Erlebnis!	GENERAL-IMPRESSION#1
Ein Besuch lohnt sich auf jeden Fall.	GENERAL-IMPRESSION#1
Tolles Ambiente, sch√∂ne Einrichtung.	AMBIENCE#1	AMBIENCE#1
Ich hab nichts vermisst, sowohl das gebratene, wie auch das Gem√ºse in Currysauce waren wirklich sehr lecker.	FOOD#1
Vorspeise, Hauptgang und Dessert - alles war top!	FOOD#1	FOOD#1	FOOD#1
Das Restaurant scheint im vorigen Jahrhundert stehen geblieben zu sein.	GENERAL-IMPRESSION#-1
√ºberaus fein.	FOOD#1
6 Salatbl√§tter Frisee und 2/3 Croutons sind keine 12,50‚Ç¨ wert!	PRICE#-1	PRICE#-1
Mehr als 2 Punkte gibt es nicht.	GENERAL-IMPRESSION#-1
Sollte Mann dann doch bei einem Besuch in LOC mit erleben Recht beeindruckend - der gro√üe Saal mit den Gew√∂lben und den Malereien Kann auch sehr gut zu Abend essen dort - und nat√ºrlich auch ein gepflegtes Bier trinken	AMBIENCE#1	AMBIENCE#1	FOOD#1	FOOD#1
Richtig sch√∂n, waren die Blumenbl√§tter auf den Gerichten, aber das war leider auch schon alles.	GENERAL-IMPRESSION#-1	FOOD#1
Am besten war noch der dazu bestellte gro√üe Salatteller mit Speckw√ºrfel und die gekaufte Breze.	FOOD#1	FOOD#1
Schlechtester Belag, den wir bis jetzt bekommen haben.	FOOD#-1
Ich war ein absoluter Stammkunde, aber das hat jetzt ein Ende.	GENERAL-IMPRESSION#-1
Der "zust√§ndige" Kellner schnauzte uns √ºber s√§mtliche Tische sehr laut an, dass man kein "mitgebrachtes Essen" verzehren d√ºrfte....(Eis: mitgebrachtes Essen????	SERVICE#-1
Wir waren mit unserem Besuch vollsten zufrieden.	GENERAL-IMPRESSION#1
Sehr leckerer Lachsteller mit Kartoffeln und Gem√ºse in sch√∂nem Ambiente.	FOOD#1	FOOD#1	AMBIENCE#1
1 cm dicke Blutwurst, breiig wie Mus (statt kross gebraten)1 rundes St√ºck frittiertes Fleisch (was lt.	FOOD#-1
Statt sich um die G√§ste zu k√ºmmern wurde vorgezogen lautstark und vor den G√§sten zu telefonieren, private Unterhaltungen zu f√ºhren oder Raucherpausen zu machen.	SERVICE#-1
Die Haxe mit Kn√∂del war gut.	FOOD#1
Preislich daf√ºr zumindest teilweise deutlich √ºberzeugen.	PRICE#-1
Die Auswahl der Sprizz sind gro√ü - schmeckt auch ohne Alkohol.	FOOD#1
Das LOC bietet ein authentisches Steakhouse-Erlebnis, das Fleischliebhaber begeistern wird.	GENERAL-IMPRESSION#1	FOOD#1
Bedienung unfreundlich mit verdreckten Oberteil - sorry unappetitlich hoch drei .	SERVICE#-1
Alles perfekt, eindeutig griechisch lecker, ok., der Reihe nach, im Detail:die sehr gute Vorspeise weckt den Appetit auf das Hauptgericht, das sowohl als Fleisch- und als Fischvariante absolut Klasse war, Ambiente angenehme Schlichtheit und das Personal in seiner waschechten, gastfreundlichen, griechischen Art einfach super!!	FOOD#1	FOOD#1	AMBIENCE#1	SERVICE#1
Daraufhin hat sie mich angepamt, ich w√ºrde an einem Tisch sitzen der gesperrt sei.	SERVICE#-1
Leute, macht einen gro√üen Bogen um dieses Restaurant.	GENERAL-IMPRESSION#-1
Wir kommen gerne wieder.	GENERAL-IMPRESSION#1
Wenn ich wieder in der LOC bin, komme ich gerne wieder!	GENERAL-IMPRESSION#1
lokale K√ºche (T√∂ttchen), ein eigenes Bier und vor allem super Service.	SERVICE#1
Personal auf zack und der Burger war wirklich seeehr lecker!	SERVICE#1	FOOD#1
Der Preis mit 9.90‚Ç¨ definitiv nicht gerechtfertigt.	PRICE#-1
Mega leckeres Essen und super freundliche Bedienung.	FOOD#1	SERVICE#1
Etwas zu laut,wenn es voll ist.	AMBIENCE#-1
Netter und freundlicher Service.	SERVICE#1
Die Kellnerin bediente uns genervt.	SERVICE#-1
Schlecht kann ich auch woanders, besonders bei den Preisen.	PRICE#-1	GENERAL-IMPRESSION#-1
Was mir etwas fehlte ist eine noch klarere Ausrichtung der K√ºche - nat√ºrlich optimalerweise auf die westf√§lische K√ºche.	FOOD#-1
Die Letzten erhielten ihr Gericht erst nach einer 1 h, wo alle mit dem Essen fertig waren.	SERVICE#-1
Schade.	GENERAL-IMPRESSION#-1
Ein super sch√∂nes, gem√ºtliches Lokal.	AMBIENCE#1
Der Laden ist voll, das Personal bleibt freundlich und angenehm nett.	SERVICE#1
Vorspeise Hannas ‚Äûteuflisch‚Äú war Ok und wahrscheinlich landestypisch.	FOOD#1
Service ist top, aber die Qualit√§t das Essens war schrecklich.	SERVICE#1	FOOD#-1
Die Portionsgr√∂√üen sind tendenziell gro√üz√ºgig.	FOOD#1
Sehr leckeres Essen und lockere Atmosph√§re.	FOOD#1	AMBIENCE#1
Anstatt es einfach auszutauschen wurde mir gesagt, das ich da eben Pech habe.	SERVICE#-1
Eine Reservierung f√ºr 2 Personen war im Vorfeld (Tage vorher) nicht m√∂glich.	SERVICE#-1
Wir sind sehr gerne dort.	GENERAL-IMPRESSION#1
Mehr Schein als sein!	GENERAL-IMPRESSION#-1
Wir waren durchweg alle zufrieden.	GENERAL-IMPRESSION#1
Unfassbar unfreundlicher Service.	SERVICE#-1
Am 6.4. im LOC lasch, Kruste v√∂llig weich; Leberk√§s lauwarm und ebenfalls ohne knusprigen Rand - schade, eigentlich kenne ich das dort ganz anders!	FOOD#-1	FOOD#-1
Das Preis-Leistungsverh√§ltnis nach unserem Empfinden nicht in Ordnung.	PRICE#-1
Schade	GENERAL-IMPRESSION#-1
Uns hat das Ambiente der Metzgerei ebenfalls sehr gut gefallen.	AMBIENCE#1
Speziell die Bedienungung Frau Vorname, LOC super aufmerksam, freundlich und nett.	SERVICE#1
Super lecker, perfekt zubereitet und sehr gro√üe Portionen.	FOOD#1
Essen lieblos hergerichtet, Ambiente toll, Service gestresst und hat mir die Freude auf diesen Abend genommen.	FOOD#-1	AMBIENCE#1	SERVICE#-1
Freundlich empfangen und zum Tisch gebracht.	SERVICE#1
In Summe Preis-/Leistung aber nicht angemessen.	PRICE#-1
Seeehr leckeres Essen, tolles Ambiente und Personal.	FOOD#1	AMBIENCE#1	SERVICE#1
Das LOC f√ºr 18,60‚Ç¨ Ist derma√üen √ºberbraten, dass das Fleisch trocken, hart und kaum zu schneiden war.	FOOD#-1	PRICE#-1
Wir kommen gern wieder !	GENERAL-IMPRESSION#1
Vielen herzlichen Dank, Lena!	SERVICE#1
Die Bedienung war sehr freundlich und aufmerksam.	SERVICE#1
Von der Preisstruktur her gehoben, kann die Qualit√§t des Essens nicht mithalten: teilweise gut (Spargel), teilweise grottig (stark versalzene Beilagen , Gem√ºse nicht frisch, sondern an Tiefk√ºhlgem√ºse erinnernd, sehr durchwachsenes Fleisch).	FOOD#-1	FOOD#-1	FOOD#1	FOOD#-1	FOOD#-1	FOOD#0
Atmosph√§re sehr gut.	AMBIENCE#1
Die traditionellen Innenr√§ume sind gem√ºtlich auf der einen Seite und professionell auf der anderen.	AMBIENCE#1
Wir werden nicht wiederkommen.	GENERAL-IMPRESSION#-1
Die Pfefferso√üe eine Frechheit was den Geschmack angeht.	FOOD#-1
Dies k√∂nnte dem bei unserem Besuch nicht sehr aufmerksamen Service, sehr kleinen Portionen und vergleichsweise hohen Preisen geschuldet sein.	SERVICE#-1	FOOD#-1	PRICE#-1
Man sollte auf festes Schuhwerk achten, da einen ansonsten bei dem klebenden Boden die selbigen ausgezogen werden.	AMBIENCE#-1
Der Service ist eine Katastrophe!	SERVICE#-1
Direkt neben der LOC pr√§sentiert sich das LOC mit wundersch√∂nen R√§umen.	AMBIENCE#1
Auch der Murrejubbel Kn√∂del und vor allem das LOC mit Apfelreduktion war ein Highlight.	FOOD#1	FOOD#1
Das war leider das letzte Mal!	GENERAL-IMPRESSION#-1
LOC ist zu empfehlen.	GENERAL-IMPRESSION#1
In einem guten Restaurant wird einem das vorher gesagt, bevor sie auf den Tisch gestellt wird.	SERVICE#-1
Von au√üen recht unscheinbar entpuppt sich das Haus als gem√ºtliches, uriges und stilecht eingerichtetes Altbiergasthaus mit gro√üem Platzangebot.	AMBIENCE#1	AMBIENCE#1
Daf√ºr ist die Auswahl an Getr√§nken sehr ordentlich.	FOOD#1
Ich hab Salz, Pfeffer, Essig und √ñl vermisst.	FOOD#-1
Trotz des gro√üen Andrangs ausgesprochen freundlicher, schneller Service.	SERVICE#1
Auf ein zwei sch√∂ne Biere kommen wir sicher wieder, essen werden wir vermutlich nicht mehr.	FOOD#1	FOOD#-1
Beides wurde einzeln gebracht mit einer Verz√∂gerung von 10min.	SERVICE#-1
Leider war das Essen nur sehr durchschnittlich.	FOOD#0
Klasse, wie immer.	GENERAL-IMPRESSION#1
Und es hat sich gelohnt!!	GENERAL-IMPRESSION#1
Auch wirklich gut und habe ich auch noch nie gegessen.	FOOD#1
lang sehr wohl gef√ºhlt!	GENERAL-IMPRESSION#1
Die Sauce und das Gem√ºse waren in Ordnung.	FOOD#0	FOOD#0
Wir hatten eine sehr freundliche Bedienung.	SERVICE#1
Da war dann immer noch ordentlich Salz drin, aber es war essbar.	FOOD#0	FOOD#0
Gestresste √ºberhebliche Kellner und das Essen nur noch Mittelmass.	SERVICE#-1	FOOD#0
Suppe war nicht hei√ü, k√ºmmerte den Service aber nicht.	SERVICE#-1	FOOD#-1
Dann LOC Knipp - Knipp, Gurken und Apfelmus fein, kann man nicht viel falsch machen.	FOOD#1	FOOD#1
Ich wei√ü nicht was das soll.	GENERAL-IMPRESSION#-1
Carpaccio ein Traum üòç Leider war bei einem Steak der Gargrad falsch, darf eigentlich nicht passieren in so einem Haus.	FOOD#1	FOOD#-1
LOC hat im laufe der Zeit nachgelassen.	GENERAL-IMPRESSION#-1
Kommen immer wieder gerne!	GENERAL-IMPRESSION#1
Das k√∂nnen viele besser.	GENERAL-IMPRESSION#-1
Der Service war aufmerksam und zuvorkommend wie immer.	SERVICE#1
Freundliches und flinkes Personal .	SERVICE#1
Das LOC ist ein Haus mit Tradition (seit 1765) und damit f√ºr jeden Dresden-Besucher ein absolutes Muss.	GENERAL-IMPRESSION#1
Tiho, der Beste, hat uns bedient, super freundlich, zuvorkommend und hat uns jeden Wunsch von den Augen abgelesen.	SERVICE#1
Wer sich bestrafen m√∂chten bestellt ein Steak Tartare.	FOOD#-1
Entt√§uschend war f√ºr uns alle die Essensqualit√§t.	FOOD#-1
Wenn man in der N√§he ist, kann man hier gut hingehen.	GENERAL-IMPRESSION#1
√úbel in der Optik und dem faden Geschmack.	FOOD#-1
Leider waren wir dieses Mal mit den Speisen nicht zufrieden.	FOOD#-1
Der Chef konnte nicht gefunden werden.	SERVICE#-1
das sp√§tere essen (Pizza) war wirklich gut, aber so viel Zeit w√§hrend der Woche haben wir nicht und werden deshalb auch nicht wieder kommen.	FOOD#1
Gro√üartige Gerichte, kreiert mit besten Produkten, auch aus der Region; delikat, gradlinig, auf hohem Niveau.	FOOD#1	FOOD#1
Leere Getr√§nke wurden nicht abger√§umt, dazugekommene Personen wurden nicht nach Getr√§nken gefragt und generell wirkte es eher so als w√§re jede Frage zu viel und die G√§ste eher st√∂rend.	SERVICE#-1
Eventuell ok wenn man nur etwas trinken m√∂chte f√ºr ein Essen mit Freunden nicht zu empfehlen.	FOOD#-1	FOOD#0
Wir werden nie wieder eine Filiale dieser Gastronomie Kette mit solch asozialem Personal besuchen!	GENERAL-IMPRESSION#-1	SERVICE#-1
Vielen Dank an das Team der RESTAURANT_NAME :)	SERVICE#1
Sehr schade, da sitzt man im "LOC", einem der sch√∂nsten M√ºnchner Innenh√∂fen, und die Qualit√§t vom Essen ist einfach nur entt√§uschend - in keiner Relation, weder zum Ruf des Hauses noch zu den Preisen, ob Kn√∂del, Schnitzel, Pommes, Bratw√ºrste oder Bratkartoffeln.	AMBIENCE#1	FOOD#1	PRICE#-1	PRICE#-1	PRICE#-1	PRICE#-1	PRICE#-1
Unterirdisch waren die Bratkartoffeln.	FOOD#-1
Schade.	GENERAL-IMPRESSION#-1
Nicht zu empfehlen!	GENERAL-IMPRESSION#-1
LOC wir kommen wieder.	GENERAL-IMPRESSION#1
Empfehlenswert.	GENERAL-IMPRESSION#1
Die Bedienung ist super nett und das Essen war wirklich wunderbar!	SERVICE#1	FOOD#1
Die Speisekarte ist √ºberschaubar, bietet keine besonderen Leckereien.	FOOD#-1
Wir hatten zun√§chst eine Gans zu Weihnachten, die war spektakul√§r und braucht keinen Vergleich zu scheuen.	FOOD#1
Wir wurden bedient von dem netten Fr√§ulein Susanna.	SERVICE#1
Wir wurden sehr, sehr freundlich von LUCA bedient.	SERVICE#1
Lecker gegessen, beste Qualit√§t!	FOOD#1
Das Essen ist ein Traum üòç	FOOD#1
Leckerer Wein, super Tapas!	PRICE#1	FOOD#1
Preis Leistung sind hier einfach gar nicht stimmig und man f√ºhlt sich dann doch ein bisschen √ºber den Tisch gezogen.	PRICE#-1
Schnitzel und Heringsfilet waren sehr lecker und der weibliche K√∂bes wie man sie kennt ...JA, wir kommen wieder!	FOOD#1	FOOD#1	GENERAL-IMPRESSION#1	SERVICE#1
Einfaches Restaurant mit schlechten Service und kaum glutenfreie Speisen.	FOOD#-1	SERVICE#-1
Es war ein wundersch√∂nes Erlebnisses, ein Hochgenuss der Suchtpotential hat.	FOOD#1
Bei einem sch√∂nen Sonnen Abend den richtigen Tisch zum rausschauen und die sonne wie sie untergeht genie√üen ,einfach romantisch, Die Bedienung ist sehr nett und das essen schmackhaft.	AMBIENCE#1	SERVICE#1	FOOD#1
Nette Bedienung, sch√∂nes Ambiente.	SERVICE#1	AMBIENCE#1
Wir wurden auch sehr nett begr√º√üt und an unseren Platz gebracht.	SERVICE#1
Unterm Strich: einfache Biergartenk√ºche zu gehobenen Preisen.	FOOD#-1	PRICE#-1
Der Service war jetzt nicht berauschend aber in Ordnung.	SERVICE#0
Sehr sch√∂nes und gem√ºtliches Restaurant.	AMBIENCE#1
Das wir uns f√ºr den LOC entschieden haben, bereuen wir in keinster Weise.	GENERAL-IMPRESSION#1
Ich wundere mich ehrlich wieso so ein lieblos gef√ºhrtes Unternehmen √ºberleben kann.	GENERAL-IMPRESSION#-1
Die Beilagen waren gut, das Gem√ºse nicht zerkocht und die Bratkartoffeln so wie sie sein sollen F√ºr 24,00‚Ç¨ pro Portion war die Portionsgr√∂√üe in Ordnung..	FOOD#1	FOOD#1	FOOD#1	FOOD#1
Der K√§se war meiner Meinung nach kein Bergk√§se, aber egal.	FOOD#-1
Wir haben drau√üen gesessen und wurde sehr freundlich bedient.	SERVICE#1
Eigentlich fehlen mir die Worte!!	GENERAL-IMPRESSION#-1
Ideal f√ºr ein Essen mit einer gr√∂√üeren Gruppe.	GENERAL-IMPRESSION#1
Wir waren schon √∂fters hier, war immer top.	GENERAL-IMPRESSION#1
Das Kalbsschnitzel mit 19EUR nicht teuer aber absolut lieblos und dahin ger...zt.	PRICE#0	FOOD#-1
Gutes Essen Sch√∂ner Spielplatz	FOOD#1	AMBIENCE#1
Wir sind maximal entt√§uscht und werden uns √ºberlegen, ob wir wirklich nochmal hingehen.	GENERAL-IMPRESSION#-1
Der H√§hnchen D√∂ner wird durch zwei So√üen, Gem√ºse, Salat, Fetak√§se verfeinert und durch einen spitzer Zitrone abgerundet.	FOOD#1	FOOD#1	FOOD#1	FOOD#1	FOOD#1	FOOD#1
Besonders charmant war unser Kellner Bruno.	SERVICE#1
Die Pizzen sind au√üergew√∂hnliche lecker mit d√ºnnem Boden und sehr √ºppig belegt.	FOOD#1
Auch die Scherben wurden nicht alle entfernt.	SERVICE#-1
Der Service, vor allem von "LOC" war sehr freundlich und erstklassig.	SERVICE#1
Eine junge Dame mit Handy lief zwar um die Tische, doch winkende G√§ste, die etwas bestellen wollten, wurden geflissentlich √ºbersehen.	SERVICE#-1
Auf jeden Fall ein Besuch wert, bei den Speisen ist f√ºr jeden der Tapasliebhaber etwas dabei!	FOOD#1	GENERAL-IMPRESSION#1
So kann das mit ner Garstufe nicht klappen.	FOOD#-1
Wir waren gesch√§ftlich in der RESTAURANT_NAME, und schon am Eingang haben wir das tolle Ambiente gesehen.	AMBIENCE#1
Wahrscheinlich hat die Bedienung die Bestellung nicht verstanden, weil die Musik am Sonntag Mittag so laut war, dass man sich eigentlich auf der Terrasse nicht unterhalten konnte.	SERVICE#-1	AMBIENCE#-1
Das Essen ist mittelm√§√üig, geschmacklich kein Highlight, kein Unterschied zu einem normalen Asia Imbiss.	FOOD#0
Ich kann es nur empfehlen.	GENERAL-IMPRESSION#1
Location macht einen etwas angetaubten und unaufger√§umten und dennoch recht authentischen Eindruck.	AMBIENCE#1
Kurze Zeit sp√§ter folgt die Hauptspeise, wieder gut gef√ºllter Teller, gegrillter Fisch und Gem√ºse, ged√ºnstete Meeresfr√ºchte in LOC.	FOOD#1
befriedigendes Ausflugslokal, leider sehr dreckige Tische, Platzangebot direkt vor LOC obwohl LOC nur zu ca.	GENERAL-IMPRESSION#0	AMBIENCE#-1
Sehr Lecker gegessen.	FOOD#1
Wenn es mein Kaffee w√§re, w√ºrde ich diesen unzufriedenen Kellner fristlos entlassen!	SERVICE#-1	GENERAL-IMPRESSION#-1
Das Essen - Haxe wir Kaiserschmarrn - war ein kompletter Reinfall.	FOOD#-1	FOOD#-1	FOOD#-1
Die Qualit√§t des Essens war ausgezeichnet.	FOOD#1
Wir haben uns sehr wohl gef√ºhlt.	AMBIENCE#1
Schon √ºber Jahre eine hohe sehr gute Qualit√§t!	FOOD#1
Von Tapas √ºber Steak und tollen Dessert hat das Essen und der tolle Service das 1.	FOOD#1	FOOD#1	FOOD#1	SERVICE#1
LOC EssenSuper BockWir hatten einen sehr sch√∂nen Abend im portugiesischen Viertel bei RESTAURANT_NAME.	GENERAL-IMPRESSION#1
Das Essen war wirklich mega lecker und abwechslungsreich.	FOOD#1
Nach 2 Stunden fragten wir, wo der Hauptgang bleibt.	SERVICE#-1
Auf nimmer Wiedersehen üëã Stattdessen haben wir einen super Kaffee im Kaufmanns getrunkenüòÄ	GENERAL-IMPRESSION#-1
Auch ein ¬´Katzentisch¬ª direkt am Eingang kann man eigentlich nicht als solchen verkaufen (gerade im Winter wenn die Leute rein und rausgehen wird derjenige der dort mit dem R√ºcken zur T√ºr sitzt jedes Mal von kalter Zugluft eingeholt.	AMBIENCE#-1
Steak Men√º f√ºr 5 Personen ist mega mickrig!!	FOOD#-1
Austern die nicht frisch waren.	FOOD#-1
Der LOC (42,50‚Ç¨) aus der Flasche war ordentlich, nicht mehr, der offene Sauvignon im Glas dagegen sehr blass und mit 6,90‚Ç¨ entschieden zu teuer veranschlagt.	FOOD#0	FOOD#-1	PRICE#-1
Besinders gut waren f√ºr Vegetarier die Kn√∂del-Tris!	FOOD#1
Nachdem wir nach einiger Zeit unser Getr√§nk endlich bestellen durften, bekam ich ein Glas mit Lippenstift.	SERVICE#-1
Es war f√ºr uns echt unangenehm.	GENERAL-IMPRESSION#-1
Wenn wir mal wieder in LOC sind, werden wir sicher wieder da essen gehen ‚ò∫Ô∏è	GENERAL-IMPRESSION#1
Steak nicht leicht essbar und mit Sehnen.	FOOD#-1
Einzig unsere Bedienung h√§tte etwas freundlicher sein k√∂nnen.	SERVICE#-1
Super nette Bedienung und gute Qualit√§t beim Essen.	SERVICE#1	SERVICE#1
Gesch√§tzt 10 Bedienungen haben versucht uns zu versorgen immer wieder Doppelbestellungen, weil keiner wirklich Wuste was der andere macht.	SERVICE#-1
Die gew√§hlten Gerichte: Cordon Blue, doppelter Schaschlik-Spie√ü, Pfefferlendchen, zwei Kindergerichte und eine ‚Äûkleine Portion Rippchen‚Äú waren schmackhaft, appetitlich angerichtet und so reichlich konzipiert, dass eine gro√üe ‚Äûin weiser Voraussicht‚Äú mitgebrachte Dose auch das Mittagessen f√ºr den morgigen Tag gesichert hat.	FOOD#1	FOOD#1	FOOD#1	FOOD#1	FOOD#1
F√ºr jeden Geschmack, auch vegan üå±, war etwas dabei.	FOOD#1
Leider kann ich den LOC nicht empfehlen .	GENERAL-IMPRESSION#-1
Essen eher unteres Mittelma√ü.	FOOD#-1
Immer wieder gerne der k√∂bes war lustig typisch K√∂lsch.	GENERAL-IMPRESSION#1
Denn Erholung, was ja ein Abend mit gutem Essen, netter Unterhaltung miteinander und in stilvoller Umgebung, ausmacht, war es nicht.	FOOD#-1	AMBIENCE#-1	AMBIENCE#-1
Die R√§umlichkeiten sind riesengro√ü und wer mit anderen Menschen in Kontakt kommen m√∂chte, hat hier die besten Chancen.	AMBIENCE#1
Service wirklich auf Zack - mit Roboter-Unterst√ºtzung.	SERVICE#1
Das vorab..Wir wurden sehr freundlich empfangen, zum Platz geleitet und auch die Bedienung war sehr kompetent und zuvorkommend.	SERVICE#1	SERVICE#1
Gepflegte Getr√§nke und netter Service.	FOOD#1	SERVICE#1
Wir waren sehr entt√§uscht, konnten aber √ºber Open Table einen Tisch in einem anderen Stuttgarter Restaurant (Weinsteige) bekommen, wo problemlos auf alle Allergien eingegangen wurde (Trotz festem Menu!)	GENERAL-IMPRESSION#-1
Das ungute Gef√ºhl ist geblieben.	GENERAL-IMPRESSION#-1
An einem Samstagabend ist es unm√∂glich ohne langes Warten gem√ºtlich zu essen.	SERVICE#-1
Super Fleisch Beratung, essen gleichzeitig auf dem Tisch.	SERVICE#1
Super F√ºhrung mit Martin, leckeres Essen, sch√∂ne Atmosph√§re.	SERVICE#1	SERVICE#1	FOOD#1	AMBIENCE#1
Wir h√§tten uns dann wohl im Sinne dieser " Menschlichkeit" in den Regen setzen d√ºrfen.	SERVICE#-1
Alle arbeiteten Hand in Hand.	SERVICE#1
Schade dass bei so einer super Lage der Service so zu w√ºnschen √ºbrig l√§sst.	SERVICE#-1	AMBIENCE#1
Die Steaks waren ausnahmslos zu schwach angebraten, so dass jedes eine breiten hellbraunen LOC, aber ohne die n√∂tigen R√∂staromen hatte.	FOOD#-1
Wir wurden von einem sehr arroganten "Platzanweiser" am Eingang empfangen.	SERVICE#-1
Durchaus einen Besuch wert.	GENERAL-IMPRESSION#1
Die Erfahrung hat uns sehr gefallen!	GENERAL-IMPRESSION#1
Ihr habt uns den Abend gerettet...	GENERAL-IMPRESSION#1
Das dort ausschlie√ülich m√§nnliche Personal hatte nun so gar keine Lust.	SERVICE#-1
Der wirklich hervorragende Service hat den Besuch abgerundet.	SERVICE#1
Das Personal war sehr freundlich und zuvorkommend.	SERVICE#1
Das Steak hatte mindestens 300 g (ich hatte gut zu k√§mpfen) und die Pfifferlinge waren - wie ich es am Liebsten mag - in Speck gebraten.	FOOD#1	FOOD#1
Insgesamt wirklich gut, Currywurst mit Pommes ist auch zu empfehlen.	GENERAL-IMPRESSION#1	FOOD#1
Deshalb haben wir diesen Besuch nicht in positiver Erinnerung....	GENERAL-IMPRESSION#-1
Die Bedienung hat nicht mal tsch√ºss gesagt - wahrscheinlich waren ihr 15‚Ç¨ Trinkgeld zu wenig ‚òπÔ∏è!	SERVICE#-1
üòê)Nach mehrmaligen Versuchen (Eis war l√§ngst aufgegessen) Getr√§nke zu bestellen, machte der Kellner eine sehr unsch√∂ne und sehr abwertende Handbewegung in Richtung unseres Tisches....üòêSelbst die Tische neben uns haben nur "erschrocken" und verwundert geguckt...Es war mein 1.	SERVICE#-1
Das Ambiente ist richtig toll, die Auswahl an Gerichten super.	AMBIENCE#1	FOOD#1
Sehr zu empfehlen.	GENERAL-IMPRESSION#1
Das Essen ist mit sehr viel Deko streckenweise stark √ºberlastet, was leider beim Rindertartar dazu f√ºhrte, dass das Fleisch geschmacklich komplett unter Perlzwiebeln, Sauce und Sprossen unterging.	FOOD#-1	FOOD#-1	FOOD#-1
Wenn man ein Kaffeehaus betreibt, sollte die Kaffeequalit√§t f√ºr sich sprechen.	FOOD#-1
Die Garnelen waren k√∂stlich, die knoblauch hatte eine perfekte Note dazu gegeben und LOC noch einen leichten bis gehabt und einen runden Geschmack verleiht.	FOOD#1	FOOD#1
Gestiegene Kosten hin oder her, ist diese LOC nun die teuerste in LOC und hat mit einem nachvollziehbaren Preis nichts mehr zu tun.	PRICE#-1
Es gibt von uns null Weiterempfehlung.	GENERAL-IMPRESSION#-1
Die Kellner waren aufmerksam und zuvorkommend und kannten sich in jeglicher Hinsicht sehr gut aus, egal ob Speise- oder Weinkarte.	SERVICE#1
Das Essen war gro√üartig und in guten Portionen.	FOOD#1	FOOD#1
Insgesamt nicht weiterzuempfehlen.	GENERAL-IMPRESSION#-1
Am Rand kalt, in der Mitte hei√ü.	FOOD#-1
Die bestellten Biersorten waren lecker!	FOOD#1
Komme gern wieder.	GENERAL-IMPRESSION#1
Wir wollten uns zum Hochzeitstag mal was besonderes g√∂nnen , doch sind wir beide sehr ent√§uscht worden , das Schnitzel war nicht nur schlabberig sondern auch ungew√ºrzt , die J√§gerso√üe war auch nicht besser , ein kleiner Salat sollte eigentlich zu jedem Gericht geh√∂ren , einzig die Bedienung war freundlich .	FOOD#-1	FOOD#-1	SERVICE#1
Ist ganz nett.	GENERAL-IMPRESSION#1
Vor dem Eingang war eine beeindruckende Schlange von wartenden G√§sten.	AMBIENCE#1
Preis-Leistung ust mit sehr schlecht zu bewerten.	PRICE#-1
Wer auf Haxe steht macht hier gar nichts falsch ...	FOOD#1
Wir mussten fast 2 Stunden auf den Hauptgang warten!	SERVICE#-1
Von den Getr√§nke, √ºber das zuvorkommende Personal, bis hin zu den Gerichten, ist alles sensationell und immer ein Besuch wert!!!!!!	FOOD#1	SERVICE#1	FOOD#1
Gute Mittagskarte zum Mittagessen in der Mittagspause.	FOOD#1
Die Bedienung war sehr freundlich, das Essen entsprach einem guten Convenience Durchschnitt und ist auf die breite Masse ausgelegt.	SERVICE#1	FOOD#1
Das Fleisch vom Hauptgang war Ihnen kalt.	FOOD#-1
So eine Aussage einer servicekraft geht nicht.	SERVICE#-1
Die LOC war hart, das Fett darunter fest und das Fleisch z√§h, trocken und ging nur schwer zu schneiden.	FOOD#-1	FOOD#-1	FOOD#-1
Die Burger k√∂nnten besser sein, da die Br√∂tchen pappig sind.	FOOD#-1	FOOD#-1
Wir werden das Restaurant sicherlich noch einige Male besuchen.	GENERAL-IMPRESSION#1
Anschlie√üend war die Bedienung v√∂llig mit jeglicher Weinempfehlung √ºberfordert.	SERVICE#-1
Der (offene) Primitivo war ordentlich, wenn auch kein Spitzenwein (kann man bei 8 Euro f√ºrs Glas auch nicht verlangen).	FOOD#0
Wer meint er m√ºsse es unbedingt gesehen haben, kann auf eine Mass oder Halbe hier einkehren, aber zum Essen w√ºrde ich jedermann unbedingt eine anderes Lokal, von denen es gen√ºgend in der n√§heren Umgebung, gibt empfehlen.	FOOD#-1
Ja, die So√üe ist lecker.	FOOD#1
Dazu Pommes und ein Salat mit friner Sauce.	FOOD#1
Die Klimaanlage hatte wohl Pause.	AMBIENCE#-1
Bin total entt√§uscht dieses Restaurant zu so einen besonderen Tag rausgesucht zu haben.	GENERAL-IMPRESSION#-1
Man wollte uns keinen Tisch geben, obwohl direkt vor der Bar, wo wir auch mit dem alles entscheidenden Kellner sprachen, einer frei war.	SERVICE#-1
W√§hrend die Salsiccia noch in Ordnung war, war die Pizza Gamberetti komplett trocken.	FOOD#0	FOOD#-1
Eine weitere Servicekraft, kaum √§lter als 18 sprach jeden Gast, egal welchen Alters, sehr fl√§zig mit "Du" und in tiefsten "S√§chsisch" an.	SERVICE#-1
Hauptspeisen waren okay.	FOOD#0
Gutes Preiswertes Essen, sehr gute Atmosph√§re, vielen Dank an Victor f√ºr den tollen Service.	PRICE#1	AMBIENCE#1	SERVICE#1
Am Ende waren wir sehr entt√§uscht von dem sehr unfreundlichen Service, weshalb wir kein Trinkgeld gegeben haben, daraufhin bekamen wir zum Abschied nicht Mal ein Tsch√ºss.	SERVICE#-1
Insgesamt sch√∂ne Beauhausatmosph√§re mit nettem Personal.	AMBIENCE#1	SERVICE#1
!Dieses Lokal k√∂nnen wir sehr guten Gewissens nur empfehlen (und wir empfehlen nur selten Restaurants).	GENERAL-IMPRESSION#1
Das Essen war maximal auf Burger King Niveau - das sollte allerdings f√ºr solch ein gro√ües bekanntes Restaurant bzw. "Caf√©" nicht der Anspruch sein.	FOOD#-1
Ein arroganter, schlecht gelaunter farbiger T√ºrsteher am Einlass befahl uns jedoch im Imperativ begleitet von abf√§lligen Gesten, dass wir uns am Ende der Schlange wieder anstellen sollten, obwohl wir nat√ºrlich keinen Tisch mehr wollten.	SERVICE#-1
Das ich f√ºr ein Alt 2,65‚Ç¨ zahle ist ja fast ok, aber wenn ich mir in LOC Fl√∂ns bestelle und dann ein 3cm langes St√ºckchen Blutwurst bekomme, find ich es nicht mehr lustig	PRICE#-1
Leider war der Speck nicht wie angek√ºndigt knusprig, sondern wurde eher in der Sauce gebraten.	FOOD#-1
Weiter so!	GENERAL-IMPRESSION#1
Das war kein Vergleich zum LOC: Hier, im LOC, gab es deutlich besseres Essen und eine bessere Serviceleistung, lag auch an einer Servicekraft (Andrea).	FOOD#1	SERVICE#1	SERVICE#1
Das Essen war soweit in Ordnung, Standard w√ºrde ich sagen daf√ºr aber 2-3 Euro zu teuer.	FOOD#0	PRICE#-1
Leckere Tapas zu vern√ºnftigen Preisen haben wir hier gefunden.	FOOD#1	PRICE#1
Schon beim betreten hat der Wirt respektlose und super unfreundliche Bemerkungen gemacht, ging dann so weiter und beim Bezahlungen hat ein anderer angestellter auch angefangen zu meckern.	SERVICE#-1	SERVICE#-1
Man sitzt sehr sch√∂n, vor allem LOC Weihnachtszeit.	AMBIENCE#1
Echt schlimm.	GENERAL-IMPRESSION#-1
Essen und Service einwandfrei, f√ºhlten uns wohlAufmerksamens Personal und ein gutes Timing kommen gerne wieder	FOOD#1	SERVICE#1	SERVICE#1	GENERAL-IMPRESSION#1
F√ºr meinen Geldbeutel etwas zu teuer, aber wir hatten ja zum Gl√ºck einen Gutschein zum Geburtstag geschenkt bekommen.	PRICE#-1
Zum Schluss hat eine nette Kellnerin aus einem anderen Saal unsere Bestellung aufgenommen.	SERVICE#1
Der Kellner war unh√∂flich und v√∂llig unfreundlich.	SERVICE#-1
Das Terrassenambiente war eine Katastrophe, viel zu eng alles und viel zu laut.	AMBIENCE#-1
Wir werden nach unserem eigenen Erlebnis nicht mehr dort hingehen.	GENERAL-IMPRESSION#-1
Schweinchenrosa gekachelt, Schlachthausatmosph√§re, Plastiktische, K√ºhlschrank f√ºr "Dry-Age Fleisch", einfach stillos, ein no go.	AMBIENCE#-1	AMBIENCE#-1	AMBIENCE#-1
Verstehe 0 warum die Leute es gut finden	GENERAL-IMPRESSION#-1
Generell eine sch√∂ne Erfahrung.	GENERAL-IMPRESSION#1
Gem√ºtliche Atmung und rustikale Deko an W√§nden.	AMBIENCE#1	AMBIENCE#1
Das Ambiente ist charmant, das Essen k√∂stlich und das Personal freundlich.	AMBIENCE#1	FOOD#1	SERVICE#1
7/10 f√ºrs Essen.	FOOD#1
Absolut √ºberzogen sind die Weinpreise -f√ºr ein 0.2 Glas zwischen 6 und 12 !	PRICE#-1
Mit vier Personen von Tapas, Fleisch- und Fischgerichte alles probiert und alles war sehr lecker.	FOOD#1	FOOD#1
Sehr leckeres Essen und aufmerksames und stets freundliches Personal.	FOOD#1	SERVICE#1
Wir gehen da nicht mehr hin.	GENERAL-IMPRESSION#-1
Super Abend, ich komme regelm√§√üig zum Steak essen in die RESTAURANT_NAME.	GENERAL-IMPRESSION#1
..., aber kulinarisches Highlight ist es keines.	FOOD#-1
Ja, das Lokal ist sehr gut gelegen.	AMBIENCE#1
Es gibt auch eine gro√üe Auswahl an Bieren.	FOOD#1
Was soll ich sagen , einfach genial!	GENERAL-IMPRESSION#1
Uns hat es leider nicht √ºberzeugt.	GENERAL-IMPRESSION#-1
Schade!	GENERAL-IMPRESSION#-1
Allein der Rotwein war nichts Besonderes.	FOOD#0
Die Live-Musik durch einen "Alleinunterhalter" ist auf Pop getrimmt (mit Gesang) und viel zu laut.	AMBIENCE#-1
LOC ist unterer Durchschnitt.	GENERAL-IMPRESSION#-1
Unsere Erwartungen wurden sogar noch √ºbertroffen.	GENERAL-IMPRESSION#1
Einzig das Bier war geniessbar.	FOOD#1
Der sogenannte Chef de Service wurde sehr laut und wiederholte sich st√§ndig, dass wir ja schliesslich zu sp√§t gekommen seien.	SERVICE#-1
Seit das Geb√§ude um das ehemalige Steakhaus erweitert wurde, ist das Tuscolo ein echter Massenbetrieb geworden und hat seinen Charme total verloren.	AMBIENCE#-1	GENERAL-IMPRESSION#-1
Frage: Warum sollen wir das Restaurant erneut ausw√§hlen bzw. anderen G√§sten empfehlen?	GENERAL-IMPRESSION#-1
Ich habe hier einen wirklich leckeren Burger gegessen und die Atmosph√§re war einfach toll!	FOOD#1	AMBIENCE#1
Die Lage direkt an der LOC ist nicht zu √ºbertreffen.	AMBIENCE#1
Dass man dort nicht ein einziges Gew√ºrz in der K√ºche stehen hat, muss ich wohl kaum betonen.	FOOD#-1
Super f√ºr sorglose, entspannte Familienfeiern, gro√üe Auswahl, viele Getr√§nke inklusive, super Service	FOOD#1	FOOD#1	SERVICE#1	GENERAL-IMPRESSION#1
Das Gasthaus lebt von der Atmosph√§re.	AMBIENCE#1
Leider konnten wir nicht alle gleichzeitig Essen, da das Lokal sehr voll war.	AMBIENCE#-1
Der Service war trotz des Trubels aufmerksam und sehr freundlich.	SERVICE#1
Sie waren trocken und fad.	FOOD#-1
Leider war der Hauptgang Rinderfilet so z√§h und durchwachsen dass dies den guten Gesamteindruck nachhaltig besch√§digt hat.	FOOD#-1
Sie war super freundlich, zuvorkommend und kompetent :)	SERVICE#1
Leider schlecht.	GENERAL-IMPRESSION#-1
Besonders hervorzuheben, war der Kellner Jacques.	SERVICE#1
Die Schnitzel war sehr lecker und auch die So√üen waren nicht pampig.	FOOD#1	FOOD#1
Das findet man sonst nicht, und macht die Faszination LOC aus.	GENERAL-IMPRESSION#1
Eigentlich gibt es ja auch vern√ºnftige Fertigprodukte, aber hier wird vermutlich nur die minderwertigste Qualit√§t serviert.	FOOD#-1
Wir mussten mehrmals einen Bestellversuch starten bis jemand f√ºr uns zust√§ndig war.	SERVICE#-1
Individuelle Gerichte, liebevoll zubereitet.	FOOD#1
Dass mir zuerst eine englische Karte pr√§sentiert wird, lasse ich der freundlichen Kellnerin gerne durchgehen.	SERVICE#1
Der laue Sommerabend unter den grossen Sonnensegeln war schoen, allerdings wirkt der Aussenbereich etwas sehr ‚Äûselbstgemacht‚Äú, das kann sicher boch etwas sch√∂ner werden.	AMBIENCE#1	AMBIENCE#-1
Schade.	GENERAL-IMPRESSION#-1
Auch die Weinkarte ist sehr zu empfehlen sowie eine hervorragende Auswahl an Grappa Spezialit√§ten!	FOOD#1	FOOD#1
Auf meine Reklamation hin wurde gesagt, dass der Kartoffelsalat in Ordnung sei.	FOOD#0
!Nat√ºrlich das Bier topp und auch der Kellner topp und freundlich!!	FOOD#1	SERVICE#1
Kein Danke, kein Auf Wiedersehen .	SERVICE#-1
Authentisch, so wie ich es mag.. hatte klassisch ein schnitzel mit j√§gersauce‚Ä¶ must try.	FOOD#1
Danke f√ºr die tolle Zeit bei Euch!	GENERAL-IMPRESSION#1
Fazit: Geht gar nicht !	GENERAL-IMPRESSION#-1
Um uns zu unterhalten, mussten wir uns fast schon anschreien.	AMBIENCE#-1
Es ist sehr schade, dass die G√§ste in diesem Restaurant so behandelt werden.	SERVICE#-1
Daf√ºr ohne Reservierung im √ºberf√ºllten RESTAURANT_NAME trotzdem eine angenehme Platz-Zuweisung vor Ort,naja,bei DEN Preisen‚Ä¶	PRICE#-1	SERVICE#1	AMBIENCE#-1
Der danach bestellte Glasnudelsalat war langweilig gew√ºrzt.	FOOD#-1
), da die Pizza so schlecht und unappetitlich war.	FOOD#-1
Nach zehn Minuten, als wir noch den z√§hen Braten versuchten runterzubekommen wurde die Au√üenbeleuchtung der LOC entfernt und die Schirme zusammengeklappt, da es etwas windig war und m√∂glicher wei√üe ein Gewitter aufzog.	FOOD#-1
Ein tolles Gew√∂lbe, gutes Konzept, angenehme jazzige Hintergrundmusik, gute Speisekarte.	AMBIENCE#1	AMBIENCE#1	FOOD#1
Sehr leckeres Essen und super Happy Hour f√ºr Cocktails!	FOOD#1	FOOD#1
Uns hat es sehr gut gefallen.	GENERAL-IMPRESSION#1
Schon beim Betreten wurden vor uns 2 Damen beschimpft, weil man anscheinend nicht mit Kinderwagen das Kaffee betreten darf.	SERVICE#-1
Das Essen war sehr lecker und auch reichlich.	FOOD#1
Geschmackvolle Einrichtung und tolles Essen, leider l√§sst man die Kunden l√§ngere Zeit in der T√ºr stehen obwohl nicht mal ein Viertel des Lokals gef√ºllt ist.	AMBIENCE#1	FOOD#1	SERVICE#-1
Wir wurden besonders schlecht bedient, damit angefangen hat es, dass wir das Brot als Vorspeise bekommen haben, nachdem wir bereis unsere Hauptspeise erhalten haben.	SERVICE#-1
Was mich diesmal echt gest√∂rt hat war der Service.	SERVICE#-1
Die Bedingung anfangs sehr freundlich.	SERVICE#1
Die Speisen sind einfache, bayerische Klassiker in guter Qualit√§t.	FOOD#1
Mit leckerem Wein tollem Essen und einem super Service.	FOOD#1	FOOD#1	SERVICE#1
Essen war absolut in Ordnung.	FOOD#0
Darauf angesprochen, machte der Kellner keinerlei Anstalten zur Nachbesserung, sondern erkl√§rte barsch, dies k√§me so aus der maschinellen Zapfanlage, da k√∂nne er gar nichts machen.	SERVICE#-1
Kommen bestimmt wieder.	GENERAL-IMPRESSION#1
Der Thunfisch war komplett durch und trocken, die gegrillten LOC ebenfalls und der Tintenfisch war von einer derart z√§hen Konsistenz, dass meine Frau diesen, nach dem ersten Probieren, genauso hat liegenlassen, wie die H√§lfte des Thunfischs und der LOC.	FOOD#-1	FOOD#-1	FOOD#-1
Wir kommen wieder.	GENERAL-IMPRESSION#1
Wir Waren wieder gerne bei euch zum Essen, wie Erwartet war der Besuch im RESTAURANT_NAME eine Gaumenfreude.	FOOD#1	FOOD#1
Die Mitarbeiter waren sehr freundlich und schnell obwohl es sehr voll war.	SERVICE#1
Der verbleibende Mitarbeiter, der sich dann alleine um alle besetzten Tische im Au√üenbereich gek√ºmmert hat, war sehr bem√ºht, hatte aber keine Chance dies alleine zu bew√§ltigen.	SERVICE#1
Darauf angesprochen, meinte die Bedienung, dass √ñl gesund sei........Die aufgerufenen Preise waren absolut √ºberzogen.	PRICE#-1
Muss nicht sein.	GENERAL-IMPRESSION#-1
Im LOC hat man die Preise stark angehoben und die Qualit√§t verschlechtert.	PRICE#-1	FOOD#-1
Alles in allem 3 von 5 Sternen.	GENERAL-IMPRESSION#0
Der schlechteste und zugleich teuerste Burger aller Zeiten f√ºr 14,90 ‚Ç¨ ohne jegliche Beilage.	FOOD#-1	PRICE#-1
Nie wieder "Fr√ºh am LOC"...Soviel Arroganz, Ignoranz und Unfreundlichkeit kann EIN (1) Mensch doch gar nicht alleine haben!!	SERVICE#-1	GENERAL-IMPRESSION#-1
.Unsere Bedienung an diesem Abend war trotz Unterst√ºtzung anderer Mitarbeiter nicht so flott, so wurde z.LOC Wein erst nach der Vorspeise serviert.	SERVICE#-1
Mit der Reservierung des Tisches ( 4 Personen -( satte 120 ‚Ç¨) - mit diesen 4 Burgern und 4 kleinen Getr√§nken haben wir schlie√ülich 245 ‚Ç¨ gezahlt !	PRICE#-1
Danach ging allerdings alles im Schneckentempo.	SERVICE#-1
Wir erhielten kleine Teller mit recht √ºberschaubaren Portionen (keine Oliven, die ich bei jeder Art von Griechen erwarte ) Geschmacklich war alles in Ordnung.	FOOD#0	FOOD#-1
Das schlechteste Schnitzel seit langem.	FOOD#-1
Bier kann man gut trinken und der Service war sehr nett.	FOOD#1	SERVICE#1
Meine Frau war von den K√∂nigsberger Klopsen und ich von dem Rumpsteak aus dem 800¬∞ Grill begeistert.	FOOD#1	FOOD#1
Allerdings dauerte es ewig bis das Essen kam, obwohl das Lokal nur zu 1/3 gef√ºllt war.	SERVICE#-1
Das geht gar nicht, wenn man zu zweit essen geht!!	GENERAL-IMPRESSION#-1
Nun kann es schon mal vorkommen, dass der Tisch nicht p√ºnktlich frei ist.	SERVICE#-1
Trinken geht da gut, essen besser woanders!!	FOOD#1	FOOD#-1
Wir hatten eine sehr freundliche Bedienung.	SERVICE#1
Das Schnitzel meiner Frau war verbrannt.	FOOD#-1
Mit eine M√§nnergruppe w√§ren alle verhungert!	FOOD#-1
Sehr sch√∂nes Ambiente, super nette Bedienung und das Essen-ein Genus üëåSehr empfehlenswert Wir kommen bei Gelegenheit auf jeden Fall wieder	AMBIENCE#1	SERVICE#1	GENERAL-IMPRESSION#1	FOOD#1
Vielen Dank, wir kommen sehr gerne wieder !	GENERAL-IMPRESSION#1
Einzig der Wein war seinen Preis wert.	FOOD#1
Sehr leckeres Bier.	FOOD#1
Unglaublich entt√§uschend.	GENERAL-IMPRESSION#-1
Richtig cool sind die vielen Stammtische, wo jeder ein eigenes Wappen hat, sowie die versperrten Bierkr√ºge.	AMBIENCE#1	FOOD#1
Tolles Ambiente, sehr guter Service und vor allem exquisite und k√∂stliche Gerichte.	AMBIENCE#1	SERVICE#1	FOOD#1
Schmutz Stube	GENERAL-IMPRESSION#-1
Sch√∂nes Ambiente.	AMBIENCE#1
Insgesamt empfand ich das gesamte Servicepersonal als herablassend.	SERVICE#-1
Als Kommentar kam nur der freche Spruch: das ist ebenso, da die Toilette im Untergeschoss sei.	SERVICE#-1
Die Kellner sind alle sehr nett und zuvorkommend	SERVICE#1
Ein tolles italienisches Restaurant.	GENERAL-IMPRESSION#1
Wir k√∂nnen nur jedem abraten dort essen zu gehen, der sich eine gute Qualit√§t erhofft!	FOOD#-1
Absolut empfehlenswert und einen Besuch wert.	GENERAL-IMPRESSION#1
Ich bin gerne hier.. ein gro√üer Minus Punkt ist, dass die die Tische nicht abger√§umt werden.	SERVICE#-1
Schlechtester Service ever!	SERVICE#-1
Und ich wei√ü dass ich niemals irgendwo anders eine Haxe testen werde und hoffe einfach nur dass dieses Lokal uns noch lange erhalten bleibt.	GENERAL-IMPRESSION#1
Selbst am Nachbartisch hat eine Frau nur ein paar Happen von Ihrer Haxe und dem Kn√∂del gegessen und den Rest zur√ºckgegeben.	FOOD#-1
Schade, ich kann es nicht empfehlen!	GENERAL-IMPRESSION#-1
Schade eigentlich.	GENERAL-IMPRESSION#-1
Auf meine Beschwerde hin wurde mir gesagt, dass das bayrische Bier eben viel Schaum habe.	SERVICE#-1
Preis / Leistung stimmt.	PRICE#1
Das Essen war auch nur ok, f√ºr den Preis eine Frechheit.	FOOD#0	PRICE#-1
Die M√∂glichkeit online zu bestellen ist innovativ.	SERVICE#1
wahren alle super zuvorkommend und lieb.	SERVICE#1
Die von uns ausgew√§hlten Salate waren frisch, lecker und reichhaltig.	FOOD#1
Wir haben dann Lasagne bestellt, die leider ziemlich kalt serviert wurde und auch sonst nur durchschnittlich geschmeckt hat.	FOOD#-1
Es gab keine reine Rebe und zudem recht teuer.	FOOD#-1	PRICE#-1
Er kam nie zu unserem Tisch und bei der Bezahlung hat er auch nicht viel geredet, uns nur das Kartenleseger√§t hingehalten, den Preis konnte ich nicht sehen - als wir um eine Aufteilung baten wurde er anscheinend sauer und hat nur b√∂se geschnaubt und den Kopf gesch√ºttelt - ‚ÄûGeht nicht‚Äú.	SERVICE#-1
Das LOC schmeckte sehr gut, die hausgemachten Sp√§tzle exzellent.	FOOD#1	FOOD#1
Au√üerordentlich freundliches und aufmerksames Personal.	SERVICE#1
Der Service verdient eine extra Erw√§hnung, weil er trotz vollem Restaurant und einer gr√∂√üeren Veranstaltung ruhig und kompetent gearbeitet hat.	SERVICE#1
Allerdings sahen die pr√§sentierten frischen Fische an diesem Abend absolut nicht mehr frisch aus, weshalb ich mich nur f√ºr eine Fischsuppe entschieden habe.	FOOD#-1
Anschlie√üend hatte jeder ein Ma√ü bestellt, wo die fast die H√§lfte des Bieres aus Schaum bestand, allein das grenzte an Betrug.	FOOD#-1
Hier werden Sie mit leckerem Sardellencreme serviert.	FOOD#1
Fr√§nkische Bratw√ºrste, die waren gut, aber das Sauerkraut dazu hat nach gar nichts geschmeckt.	FOOD#1	FOOD#-1
Die Location spannend, das Personal grunds√§tzlich freundlich, das Fr√ºhst√ºck allerdings qualitativ durchschnittlich.	SERVICE#1	FOOD#0	AMBIENCE#1
F√ºr uns steht klar ,es war das erste und letzte mal .	GENERAL-IMPRESSION#-1
Das Essen war sehr gut!	FOOD#1
Geniale, hausgemachte H√ºhnerbouillon mit Eierstich, wirklich gut.	FOOD#1
Schnelle K√ºche mit geringem Anspruch.	SERVICE#-1
Ein solides italienisches Restaurant in der LOC, mit selbstgemachte Pasta, guter Auswahl und immer wieder ein Besuch wert.	GENERAL-IMPRESSION#1	FOOD#1	GENERAL-IMPRESSION#1
Ganz klare Empfehlungen unsererseits.	GENERAL-IMPRESSION#1
Toll finde ich auch die Speisekarte.	FOOD#1
Sehr sch√∂ne Lage mit Blick auf die LOC.	AMBIENCE#1	AMBIENCE#1
30% - ausreichend Personal, System der Annahme von Bestellungen nicht erkennbar.	SERVICE#-1
Es war ein toller Abend.	GENERAL-IMPRESSION#1
Sehr zum Empfehlen.	GENERAL-IMPRESSION#1
Belag teilweise Tiefk√ºhlware.	FOOD#-1
23 abends dann doch etwas frisch auf der Terrasse.	AMBIENCE#-1
Auch die Schnitzel kamen innerhalb einer 5-Minuten Frist und waren Massenware.	FOOD#-1
Hier wird man schlicht verarscht.	GENERAL-IMPRESSION#-1
H√§tte gerne nach dem tollen Essen einen Fernet Branca bestellt.	FOOD#1
Das Personal - drei Personen- diskutierte lautstark eigene Probleme und sa√ü dabei phasenweise mit dem R√ºcken zu den wenigen G√§sten an einem Tisch.	SERVICE#-1
Das Preis- Leistungsverh√§ltnis ist f√ºr die LOC eher g√ºnstig.	PRICE#1
Das Personal war herzlich und aufmerksam.	SERVICE#1
Komme sehr gerne wieder.	GENERAL-IMPRESSION#1
Wir haben bisher immer sehr gut gegessen egal was wir von der Standardkarte oder der Tageskarte gegessen haben.	FOOD#1
Nix zu bem√§ngeln.	GENERAL-IMPRESSION#1
Die Vorspeisen sind normalerweise sehr zu empfehlen,aber hier stimmt das Preis-Leistungsverh√§ltnis √ºberhaupt nicht mehr.	FOOD#1	PRICE#-1
Ich ziehe meinen Hut vor den Kollegen und Kolleginnen aus der K√ºche und dem Service.	SERVICE#1	SERVICE#1
Eine der Servicekr√§fte deutete auf die Uhr und teilte mir in einem barschen Tonfall mit, dass man um 22:00 Uhr schlie√üe.	SERVICE#-1
und wir einen wunderbaren Abend mit extrem leckerem und einfallsreichen Essen verbrachten!	FOOD#1	GENERAL-IMPRESSION#1
Typisches Brauhaus mit guter Atmosph√§re und einem freundlichen, kompetenten Service.	AMBIENCE#1	SERVICE#1
Die Auswahl der Kuchen & Torten war dementsprechend nicht mehr sehr gro√ü.	FOOD#-1
Schade, ansonsten eine sehr sch√∂ne Gastronomie mit super netten Service.	FOOD#1	SERVICE#1
Das Personal ist leicht arrogant und nicht besonders freundlich.	SERVICE#-1
Getr√§nke und Speisen standen ruckzuck auf dem Tisch.	SERVICE#1
unumg√§ngliches Restaurant!	GENERAL-IMPRESSION#1
Der junge Service ist √§u√üerst freundlich, erkl√§rt sehr angenehm und macht seinen Job gerne.	SERVICE#1
Sehr nettes Ambiente drin wie drau√üen.	AMBIENCE#1	AMBIENCE#1
